author	new_path	image_hash	message_count
Deleted User#0000	avatars_hashed\b87f1c17075a34dabb724b5f8f294a43.png	1f0bfc0865d324c2587920a7d80c609b	3599
Yusha#9679	avatars_hashed\c71db96ed24b2ffb74530c8c840477b4.png	fbc43ad93f2596b6ff7bec321014db8d	2055
Rebaz#9459	avatars_hashed\cc4ef0217dfaff97a22b9c5ab2769afc.png	5a12bee5e7b2e560790ea6ab96f8cc79	2016
The Young Ottoman#8981	avatars_hashed\ba722c4ef3ad99e34bd8346a2ee49262.png	c053fde2433acb9caac91e330b0a4af9	1376
Adam Neuser#1683	avatars_hashed\df7c7c86cba9982d36f615a4630c82dc.png	f7d1c44892b532d881a9fb5761252a74	825
Muhammad#5744	avatars_hashed\6c6a7e1f83079bc23725d5d358745811.png	6b5f2d89f88ede2af79b5fb432679d09	584
Uncouth Mountain Troglodyte#9150	avatars_hashed\1e292c0f22b897779066241ffca4d749.png	89f3871703c8a1d0b1caed35c9c37d1a	544
ÿπÿ®ÿØ ÿßŸÑÿ®ÿ± |  øAbd al-Barr#4955	avatars_hashed\0517e4cbe77cdc7df4c861739ba5d51b.png	a9a96b5d2a413aa2b62bc40edd46ab12	363
S A#9216	avatars_hashed\31e1d123e0f11ecf27e8e1afc41a2dd1.png	99c0e69b76ffe626d60e1fc45834d808	359
College Board#5052	avatars_hashed\a7f2534da8f902941dc6eb65d8342fd1.png	be611137a89ba59daa3cce4506306bd2	344
Mockingbird#9352	avatars_hashed\a52ce6b12977523bcbbb4d0eb4e98c5a.png	8dd859d751333c9b480536466c052b17	322
RedRosa#1869	avatars_hashed\a9b4bc4f90e1deae41fdfeccaaf53402.png	46c664e7711e65457474301082c64d85	298
„Çà„Åù„ÇÇ„ÅÆ#0453	avatars_hashed\76e9e1b0d194cba81e814a226c4346f5.png	060fdbeb75b9f113c102e4138620ecbe	188
Vexed#8158	avatars_hashed\8f2a2b172bab1b005650365afc92f7e8.png	d4a03e95ca54dd7fb26fee980494beb3	185
The Murcian#2314	avatars_hashed\412fba1291ccd61fafb6a292858daaba.png	a5cfd1bc9353f39539eb687e308466af	175
Zaify#5349	avatars_hashed\d75223c4b4ddc7f7a952a66d9437f0ea.png	0bdfcc37d139337d6756b483664bb1c4	161
InkIslam#8028	avatars_hashed\f78b91dd3f66c275300b254fd97583c8.png	39bdcba7f7bba85b6e6900d6e084aed6	159
oldroadahead#0947	avatars_hashed\c00096a95b2b88a1e8651c291ed12a71.png	918b0009dc9cee6429eafe04c819a597	158
Deleted User 5fe7590v#5789	avatars_hashed\b72b1139ced8173a47f6b0731e3028e2.png	3c6ccb83716d1e4fb91d3082f6b21d77	157
Ayman al-Rumani#7108	avatars_hashed\8be81cb9fa4df50201a66d2b2cab1657.png	8d824997deadafb417bb86e7d5667368	153
Cabralista#0585	avatars_hashed\1320cd469ce21c2880986a962ee99862.png	13a4ca7181b2eacc8f2b6781abee637d	150
Deleted User#2164	avatars_hashed\b72b1139ced8173a47f6b0731e3028e2.png	3c6ccb83716d1e4fb91d3082f6b21d77	146
Grand Admiral Thrawn#8198	avatars_hashed\47992b91ecb0e4657d67845f35bbacfb.png	09771fb7fe51257c56a4f985cec8810e	145
Vilhelmsson#4173	avatars_hashed\2ca89b6f6f566a7574864ea2857eb332.png	3fc5652ec2e19a525b2b11eba48a5398	135
US#1644	avatars_hashed\0ea96a48058b038c637f3ee45d3e3784.png	91e33cf3e16739bc591a917d2c2e409c	132
qarubo#3577	avatars_hashed\07cbb5f02fee2b981ba53087254f9b6a.png	48c27ffa2307877412f961086fcf95c3	123
Glorfindel#8735	avatars_hashed\34bb8a00f942d070bfab51bf668753c3.png	a91c077f7f6f494aebf925aa42e702c5	122
Mullah Afghan#2007	avatars_hashed\d59e6d196d4a81318a3cd5539b3d00bb.png	ac3955aea9ffc26192a99fe934842606	122
Entente#2784	avatars_hashed\dcdad0a3e75a2c563244150ee6c3c837.png	a5e1d5975d59c152e67f9df2a78b0d0e	122
ameen#0821	avatars_hashed\f093e0afcf95aae5b3d1c9d45d82fb84.png	caf73c2804e6fa3d5e64349ac722a7f7	118
ThewyZUlu#4550	avatars_hashed\6c0f2ddc3354b4252c974faecc9d6b6b.png	902b845821b92f9e88e8f40e9bc35f4d	108
Aufgewacht#1006	avatars_hashed\824d73433d8aaf7c71072bf5102bbbf7.png	57489995279111777dce1618b92f3e13	98
ThatOneFryGuy#8348	avatars_hashed\aafabd49d8c85d8b268b03a4db528a6d.png	2d1386865b0fa5a33d6272f3329cf194	91
amine_rm#6286	avatars_hashed\216ff0dc056b5728b16c8d63173d1e16.png	5dcb8978d2a8ed7783f5ac33ebd25ab9	88
Nabil Patel#6491	avatars_hashed\f1b558405853b6a83ffe07d1c28b89af.png	c09a43a372ba81e3018c3151d4ed4773	87
Mosab#5442	avatars_hashed\09f8279c31f7e4e43bcbb3d0263f7f39.png	362514badbbbfec234350d84cfbd4d2b	86
Penguin#8171	avatars_hashed\1da04da72a5c2f28d60eb894785fc26c.png	0d23b354d32dd616708db273dcc3c4fd	83
Proud Pheonician#9696	avatars_hashed\e7fab542c2cec5eeef4279acdbc940de.png	927aedf409a5d9c0cedbc77ef7d793ab	83
TheTongMan#2095	avatars_hashed\b06944416a2773e1b4f930b3f20f2b68.png	afd9f16df916762e941608efd5e36c15	82
Algorithm#0562	avatars_hashed\79dcf7e9bb1f42bf1f368677cd6e257d.png	3dd58592a7a4ef086b6d724dc1e913c4	76
Ry0#1571	avatars_hashed\35677c8df273458570df6408dd77a2a7.png	bc251093fda17eea880aac95d13e2a30	73
Sentoss Behind The Gates#0612	avatars_hashed\48b8ca58a26fa8a242462204c71f20d1.png	fea13797b66878934ebd7bfc84b84ca8	72
...........#3020	avatars_hashed\b87f1c17075a34dabb724b5f8f294a43.png	1f0bfc0865d324c2587920a7d80c609b	70
QAVUMM#5670	avatars_hashed\2dfe41384691b4b7c92c921b2d555051.png	a5bcff2db9def1934dad6484787baff5	68
Gabbo#3995	avatars_hashed\eb94e2f3b502da2a0456931e7204de26.png	1abcbe8a00f805752321e2158e10eb43	68
ÿπŸÑ€å#2021	avatars_hashed\5c2395f58b5d2b21eb393be8bb92eedc.png	e37aca7fe98419b7b4a5143de8d4c263	62
Acceleration101#0021	avatars_hashed\e3a43aa8cdef73dabf790856196261d1.png	ea8b93c03f2f7e5040a0f619b3b17d5f	62
MementoMori [IDA]#9941	avatars_hashed\2cacd49a20c5a6dfc8221b136b659253.png	182fa3c461e4aa8c98ee49c5b7cccae5	59
Balaha#6661	avatars_hashed\b789760cecaf318641a6b7eb1d9c7236.png	c56529d1e777e2f450b2e9b8da2550bb	58
HailToTheKing#7766	avatars_hashed\57f0b669f634f416e13a60cf64647507.png	93a43a45f8597126f11d128f957f29cc	58
Zainab#2460	avatars_hashed\b87f1c17075a34dabb724b5f8f294a43.png	1f0bfc0865d324c2587920a7d80c609b	54
Fascondo#0786	avatars_hashed\3da1e96f95bcf8d3c6cd34dd6fc14833.png	ac3838148272cd14f24e10e266bf6126	53
Waceysle_Historian#1734	avatars_hashed\dae002d2f37fde89b15eb9f6f7bd2016.png	07653644b5d94fa75eb57e95578d0e87	51
AlNabulsi#8310	avatars_hashed\5cf3e4b5ecc6e7cc0da4963f44a8ce16.png	b9d36455e1072d0cdca6e57e99be3f27	50
Kurdi#8408	avatars_hashed\a07f2461bf12b4914b3f74c10070752a.png	6f26ddd1bf59740c536d2274bb834a05	47
Trendafil#6419	avatars_hashed\5ee033807459f33f340b9581dff38788.png	a6c8a8cb2890e91799caa4a4488e790e	46
The Stick of Umar#6847	avatars_hashed\bef099d62907c52a84676812afe6a8f8.png	015374a88a78634a3ca56beeb4f4c609	45
≈õaha#4754	avatars_hashed\fdf4143d259bf3999fc6f5584460af20.png	a4ce910b7d601da5caf622b45f1116f3	42
young#9484	avatars_hashed\b96dae869461bfc56ab38e983c1175d9.png	873e54ad377d951893369676716781ce	42
teejay#9613	avatars_hashed\4786ddc05ed97414025a6994443b806e.png	4812f00106f6ec745a1e9c121eb768f8	42
SumerianCivilizer54#4604	avatars_hashed\066fb4e0aa12775e28e17590c7ae9325.png	b30a87f672748353b2b390527ce7b274	42
cuatro36#2940	avatars_hashed\928719bec11bf7be6a6ffba5f6c97a57.png	178813b603d7e7c475a41206868ba980	41
Tan≈´khƒ´ Bin AmatullƒÅh#9868	avatars_hashed\4e6c992f98f24d3d6b73b22cd0e43a1f.png	42705add241bcd429515a4bbec53fc08	41
malik5375#7302	avatars_hashed\97a30e94664dcb90c0b8c2176b7c6702.png	867e23e67a434249850bd6252cc478f3	40
sholazar#3352	avatars_hashed\3d56cd7d91a5931bfeea1a27e7f9b888.png	e1c7b6f847a8b385b01618cbc0a2c8e3	39
‚òæosmo·õñystic#9558	avatars_hashed\a07f2461bf12b4914b3f74c10070752a.png	6f26ddd1bf59740c536d2274bb834a05	39
Tempest#5188	avatars_hashed\b80f204c70da9feae65e6974fbcefdca.png	7b1ae13d6676f2664d4e7d1cfff42c68	38
WanderingTheist#4267	avatars_hashed\1c5ac984a371d42003e6924885454feb.png	e2cd1dabf181e52f923b2b71569fa191	37
thatdutchguy#5868	avatars_hashed\f0afb8f7871f03a0a8e7398869245b7c.png	d005061380c189979032fea952357c19	37
RZI#0313	avatars_hashed\b841a17930629919f2b1396edaf46f8e.png	8d6d9fb65ee82ad316538e274de70ae4	36
teejay#6926	avatars_hashed\f1b558405853b6a83ffe07d1c28b89af.png	c09a43a372ba81e3018c3151d4ed4773	35
ManGoTree#5214	avatars_hashed\b72b1139ced8173a47f6b0731e3028e2.png	3c6ccb83716d1e4fb91d3082f6b21d77	35
IslamBot#5367	avatars_hashed\aa1a0ad24a98d169c7325a8a18ecce73.png	0dde185a1921657fd21318170b918e6d	35
ze√≠d#9579	avatars_hashed\76de1087633534d36920c816c5637fa9.png	8b943ed5bb7fe9a592157c5eff78a2bb	34
nameissan#8392	avatars_hashed\60bbac621af9927064bc753c191c7ab2.png	7c8f476123d28d103efe381543274c25	34
Shan-Ti#2166	avatars_hashed\f1b558405853b6a83ffe07d1c28b89af.png	c09a43a372ba81e3018c3151d4ed4773	34
Dragana#4963	avatars_hashed\f9137fb5b247f060f3d7c1058f2770b3.png	695d5e6cce4bd8617d522505d0fbe3d0	32
heil#0406	avatars_hashed\f4c524d028719910a3cc7738edc78229.png	d3114ef0ad8471056f53d73d327f3d6d	32
ByzantineImperium#9118	avatars_hashed\86c6e610fc3e9d9709e03af8911a0b6c.png	ebf66c86cb5efb9f6c47411e8945f4c0	31
Laezo#5406	avatars_hashed\f45ba5e888a730cd23e87a94ffc276a1.png	12d7542c5fd19b40529f116dd762f329	31
Nezar#1588	avatars_hashed\2af4ae6af37c29e2a277696afb2a52ac.png	64c2c1b8ec1111a73ff39a41e063aff2	30
SnowLeopard#0017	avatars_hashed\b0d9a991f8d9410249c9479d3d6759b5.png	048c5ca2244fa86b9fd6e48bf05a7074	30
Ratboy#9835	avatars_hashed\6d0728dc8077d4f2132ab66243d88354.png	377d4dba832657d391a2ccc004950a0e	30
Deleted User 92bx8319#1654	avatars_hashed\b72b1139ced8173a47f6b0731e3028e2.png	3c6ccb83716d1e4fb91d3082f6b21d77	29
b17#0432	avatars_hashed\e65762ff358df5aa2844e1f23fc6193c.png	2840f48e52db9336a8990632b7092532	28
Lingonberry#8335	avatars_hashed\edbda768b285353990c58f15e73cbdc1.png	2f6edcec262fb0d1d5ac7e36b3550c2f	28
Khalid#6434	avatars_hashed\ba576e194eb37785a23045f16c598523.png	1ca5376ab1be723dd29ffaf5e65c1c95	27
B4RD#8716	avatars_hashed\c8d738a30ee50f05f942d88144769f54.png	2541e2c9120f9bb1a37a2b87d57c7f78	27
zephyrhills1986#9860	avatars_hashed\d6a4159aa419fbf6d6e1b5a7fbb0c924.png	849ed9e437f6e389b5a9c4d6eb47a9f3	26
Tarik Bosna#4265	avatars_hashed\af450eb025d7bc24fb1ca0eede89d5d6.png	7babf4b48c4cb67a50fcdbff443ba145	25
Paco Smith#1456	avatars_hashed\6c18492f54f1a8632beb7419e052ec97.png	67d98b2d1ec8b18108f04e2b04463ec7	25
Isha#4076	avatars_hashed\ea553a0c533c8ce66ec4376e5292488f.png	8b379512913f83edffe9f8f9e8136b64	25
IbnPureR#0962	avatars_hashed\13dcceec59aa25d006c01e40cc3a80e4.png	616b01e66f152401429e43361c6e87e3	25
d6Bels#4271	avatars_hashed\f1b558405853b6a83ffe07d1c28b89af.png	c09a43a372ba81e3018c3151d4ed4773	24
lneedjalapeno#4372	avatars_hashed\e8b20ea89084b0e54be749bb77090133.png	7b0e8c9f1e230f5177875cd095d9fc03	23
Kris Cannonfury#1795	avatars_hashed\0ec7e3d3f391a65e7721ce8b1c59b8a0.png	8d12938c55f6b080f54e2378b1b272d0	21
Noor#8071	avatars_hashed\e1e739c9b8aeee848da9760dd5ff8e01.png	d21b14176b1927084fef6b10057faebf	21
data4pass#0478	avatars_hashed\b1237a63a16e19dc21157d7b5ff28d56.png	4a8306f7b57e40c789e8e5e0d6ad0dcd	21
El-A'Kumba#7358	avatars_hashed\b718f671a404319f38160d8280c7435b.png	ddf34f488c9c5e3ac0f96a993b379e52	20
Muhammad the Reader#4873	avatars_hashed\e65b3027faeffc7b3a2eb47dcf18ebff.png	3d7e41314cacfd0bac58e6c9bafdc236	20
El Moroccano#4091	avatars_hashed\ccfbe6b85da9d8fc5074857747df4314.png	fed2f78c2ed3e13ee9396922f2b660ec	19
Ziko#2516	avatars_hashed\459274a211663eb11a7f685ebc63f19c.png	e86fefce166d557b52969dcacc641df4	19
HamzaR#8558	avatars_hashed\3773f72113c7399de35d890f5414b18f.png	3d455a5a677b5ca115807e5422f200ad	19
eelalzep#3731	avatars_hashed\6ce05cd932f1aa1108f846c2157b5181.png	3817e21233c512a7c698e3a9b578c8c4	19
Emmeh#5425	avatars_hashed\b865d1f72c30417a8d9ba8630d602fd0.png	3e18d9c6562ba53ba6b997aa8c0b0631	18
okrt#4422	avatars_hashed\c632bfc046c2839c958032715dc7ee24.png	6df67d4c59eb1932a6ce4f165f150f17	18
Fay#1000	avatars_hashed\e142e9e1e825fa3b8b2bdeaddb14ca2d.png	dba8244abf1c94c1f55f0459241034fd	17
Houdini#9060	avatars_hashed\a813d71cf54ce2cac01dbd4456ccd11d.png	e2a4815b32a3cb95ac1103507488d246	17
Montella#9331	avatars_hashed\2e980ba027c2ff7fac4150ab330c400c.png	555c31d55878510995c88f3b4689347c	16
Sher Shah#2022	avatars_hashed\2158553551558e41dcb11670655a5628.png	53f64d17cfcc50f1ed0269dd84834d22	16
TarShampoo#9082	avatars_hashed\e57761c0d0eecb5017cdf93fd19b1dd6.png	8e066fae5b4afd49f4da6c74620d14b0	16
Piristhacules#4455	avatars_hashed\edcd0c9e30e7a946be1bddfaf1f518db.png	97471dda305f89e673c2c1ee70371894	16
AlephNull#6081	avatars_hashed\57052c099efe072d4a4c744138c2a955.png	1a1dbe66aca2d07e273e60aff4ebbff0	15
batoule#6988	avatars_hashed\02e1d499c0f0ce9383b6f9c5c1630f79.png	e3366d90f6a9bec597b86c9e899475d3	15
ÿ®Ÿäÿ™ ÿßŸÑŸÖÿßŸÑ#6809	avatars_hashed\af9584c30cc11827e293a2846bc74e9e.png	13a89ce13b7f65663b81cb80d37818f5	14
YezzBoyy#1636	avatars_hashed\f1b558405853b6a83ffe07d1c28b89af.png	c09a43a372ba81e3018c3151d4ed4773	14
Blue Whale#2346	avatars_hashed\54d3cbd12322d4ad7ef03bec465eff85.png	f7a54a2b57ea47c5045cc9360122646d	14
_safar_#4867	avatars_hashed\8ef89bbb8b339d0abc8ce3408c61b356.png	8635d648849df33f3c82f951a5d82740	14
Razer#4064	avatars_hashed\b5b52a5e4aa1136e6aa39f59064a71ee.png	765bceecff4f270486c083c9239c277f	14
Flores#8534	avatars_hashed\773783cae4a5690e0e0d5b93a1347f29.png	7e6dcfd10284ba78471f33cb78e63d19	13
Amr#5018	avatars_hashed\37b3d820ed80ebb42ca305d1f29c1d30.png	c1e2e4a85b038f1bbe827ee1621beeea	13
safatin#4152	avatars_hashed\8f63a2147fb34c1e143e67ede1674ac2.png	a67c9223a40f3ee6b9a89a0068780db5	13
yes mam#9611	avatars_hashed\b670ded4f7a5e3d24a76475525d14e4f.png	cddc77d94720b8d1eceed60c1b029f4b	13
Saracen#9857	avatars_hashed\340ff09bb322e199c1d16dbf217caa7a.png	69b65203a752f73a5f3a430712f9ec63	13
Hz#7156	avatars_hashed\42059e4ca8ef63beabdf1ea1f7a3f47d.png	0b5fcc411e97a3e462a6451bdf41cd35	13
antimony#3253	avatars_hashed\a07f2461bf12b4914b3f74c10070752a.png	6f26ddd1bf59740c536d2274bb834a05	12
IA2#4250	avatars_hashed\284d51d4a8fd91661a67606b486188e6.png	75cc69bc9626b646b2add7334aa6db29	12
alfrak#4473	avatars_hashed\a07f2461bf12b4914b3f74c10070752a.png	6f26ddd1bf59740c536d2274bb834a05	12
Abu Hurayra#7359	avatars_hashed\ab6a8334cf7dc0d08b7b0b907016949c.png	d0ef85112095efbabb5a28bbe86bd1cb	12
................................#5064	avatars_hashed\908f43b9fa634e49e1253507472850e4.png	9c10b9e0ee9873485004aa105c399e2c	12
prom#9202	avatars_hashed\60bbac621af9927064bc753c191c7ab2.png	7c8f476123d28d103efe381543274c25	12
Al Malizi#7430	avatars_hashed\828c3c2f0f889205313858633a340553.png	b710e3be20f818f8919504cc89e0d93b	11
makerkhan#5156	avatars_hashed\f1b558405853b6a83ffe07d1c28b89af.png	c09a43a372ba81e3018c3151d4ed4773	11
Prodigium#8872	avatars_hashed\7ce15c5e6b36a0aebe47ba99aeae90a7.png	681865d38e33e2a0c8e05f675660a945	11
Nour El-Din#1742	avatars_hashed\2ad082d1e36009b6bb5894dfceab3a32.png	09749ebc9b6849ac6252bda5b81af158	11
Mire#0379	avatars_hashed\77adad34ac11cdf80666d468e8354f9d.png	23cb61d5a16554b51c8d1a41b1ad5dd3	11
Dulabhai#6641	avatars_hashed\7ec6ee174dfc4005b7d0a5e2194d273d.png	6e18d99326c4578420af9f7095fa0557	11
3omar#9634	avatars_hashed\4efd740e01a0d10193020d31daa7ded7.png	ff6309302115b01bd4c517727a845e45	11
Ray#0635	avatars_hashed\b9369ff9484a38d81058d5c5e68231fe.png	227037ae217d832df083ef73ddd076ed	10
Dani#9911	avatars_hashed\49be9514ce57720079c5032c74b78c58.png	e6dcf8647f85ae686dbbcbde695bf3d6	10
Edep.#6629	avatars_hashed\186f574bc5279b8bdf25d89235646453.png	648eb2d4917f214b79f3c61c1d6c9b25	10
abuFulan#0666	avatars_hashed\c26346c5333c76f83b4d5bc53a579eb8.png	1799256e4a9b1e5d96b330f51b48d277	10
Sir Henry Gurney#8718	avatars_hashed\ceb92e6f20227ae1f6280a04100c7404.png	54a15b78c9ff6c4aa826dded423ea92a	10
Alk#9733	avatars_hashed\e6057aeb637dcd48871ee998f329ea09.png	e0b178a0303ea06f221b60fed2c1ca96	10
LillyWhite#7903	avatars_hashed\4c2b782c710d642ac5ae296935787f33.png	95e449ad2f29c4596a52684e15a5708c	10
Rf#7343	avatars_hashed\7a5c4a3d40830b7f74ff5a1eff6d4beb.png	0aa241217b2a1101cbc165ab633230d0	9
Nvm#3587	avatars_hashed\15b38102b6d733553d661cf9ba8513f4.png	28526c1a5294683cf047e60a61889ebc	9
ÿ£ÿ≠ŸÖÿØ#4740	avatars_hashed\104650ff30f3d5f1f42119585618d010.png	dd52fce61e812eece59ea2a1c17aa272	9
hamza587#7597	avatars_hashed\60bbac621af9927064bc753c191c7ab2.png	7c8f476123d28d103efe381543274c25	9
Man of Action#9695	avatars_hashed\b87f1c17075a34dabb724b5f8f294a43.png	1f0bfc0865d324c2587920a7d80c609b	9
Hashir#5602	avatars_hashed\28ea88d7c7535c95f904178a23a87f69.png	2674ee08a43bedbefbb84dd91efec812	9
Sanusi#6662	avatars_hashed\b3f4a69f5ca57a4df22b44c5dbee7008.png	13672c884fb069b3aeeb0d2373d2332b	9
byzinku#9997	avatars_hashed\14c97da622fd48db3d496d0853d16a1f.png	bf1833cac27b17c0ed90e76e41d7e69d	9
Fizz íãÄ#3028	avatars_hashed\fbef84874bfedb170e1cd8488977a931.png	8ba8e6a667af44b89b330db070b76307	9
LeBlod#6342	avatars_hashed\c4f84e9c04a417681b996a52ca3a7977.png	5a5ae7536d6872943e9bee7319e5e0f2	9
Zabo#6080	avatars_hashed\b87f1c17075a34dabb724b5f8f294a43.png	1f0bfc0865d324c2587920a7d80c609b	9
Bhlol-ÿ®ŸèŸáŸíŸÑŸèŸàŸÑ#0377	avatars_hashed\d5a64615fbb37f858dc57ca5ab02d0ad.png	69480601adee2568a5e8f5beeeb18a4e	8
Qamar El Quloob#8916	avatars_hashed\6de6d7a878a848a4b39bbb1ae05e03c3.png	a4466c68c42e1c1a82240e0127cc6944	8
Mr Chonker#5811	avatars_hashed\69a5fa40345af52d66319a058ccf63b6.png	fa811f5c61d5826ce12dbb636ce212d8	8
Blackbeard#4507	avatars_hashed\5f9cdf63738acccf4148101d82613953.png	943713916fdfa88d4af7e6811d079e11	8
Idkman#9864	avatars_hashed\526667a6e8bc5d5ca2137c1f31079ec3.png	d358cc3f99438da6892b748c3113e348	8
GSW#2376	avatars_hashed\ef353f4b8ee2db32f859479aa731f1f5.png	1d6a57b6cc1383dae426a3afbecaec96	8
mis√π#3252	avatars_hashed\216f51f14628256d38db9bb2b7872c72.png	5a7d911bbeda9775583905be7d4c0ae2	8
Abu Yahya#5738	avatars_hashed\785893756ef640b26b0b476a47160599.png	fa1f4e3ddf07b171719c3ecc12b6d224	8
Ibn Adwan#9713	avatars_hashed\a07f2461bf12b4914b3f74c10070752a.png	6f26ddd1bf59740c536d2274bb834a05	7
BakaMitai#8885	avatars_hashed\5fb56ac4f39eaccf69d3cd4ff6039c36.png	f95f0f5ea8f8f03a52b42f6e10c41f4d	7
I Don't Even Know#8769	avatars_hashed\4a338e9f3ba9bbca71ce9b1986032886.png	403bcf07961415a43341658424e87d1b	7
ŸÖ. ÿ¥ÿ±ÿ∑ÿ™ŸäŸÜ#1453	avatars_hashed\390d98ed1df1e738c68e671b36f0664d.png	cd581ad670eb5301990155835b05dbf4	7
Lad#5101	avatars_hashed\f1b558405853b6a83ffe07d1c28b89af.png	c09a43a372ba81e3018c3151d4ed4773	7
Aswed_F#9084	avatars_hashed\8b03d98d4c2802daca834223bcc9eafa.png	d73ea26d33c961a28f852b8b1be94c90	7
nebuch#0606	avatars_hashed\87142cf0756118e3718ea157e91349f6.png	37e641bfd37b5018f6efb1e4e8cc4205	7
Saamady#2000	avatars_hashed\7abb7e19ae3bf65606234779ae963d3d.png	1ebe3a6e684d4134b2216aa1c89889bf	7
Hamza#3975	avatars_hashed\2f988edb881ae9430da9199d5654c26a.png	d25444e44aab54309472763fd87d7e20	7
Aeloid#7422	avatars_hashed\ffb168d965ea65001b32304c3588d8f9.png	5a4e98e7ec9d3271f106803df0d0825b	7
uwootm8#9123	avatars_hashed\a07f2461bf12b4914b3f74c10070752a.png	6f26ddd1bf59740c536d2274bb834a05	7
boots#6271	avatars_hashed\f1b558405853b6a83ffe07d1c28b89af.png	c09a43a372ba81e3018c3151d4ed4773	6
Guanto7153#3562	avatars_hashed\5f926dc829b45df150d8dca993588dd4.png	b2223e5223e59b35e65b30f3d20e7ab2	6
Makonen#5819	avatars_hashed\f7b384d0356c56dda0905f7a9d5e4836.png	d2804d483b35a5a7fc1dfecdb479622c	6
LordGoat10#4582	avatars_hashed\35f2e31b48a27bbeb79e15fa3e4ebfed.png	49b49f34a8d93ac2040dc31702346975	6
Mr. Senor#4074	avatars_hashed\b72b1139ced8173a47f6b0731e3028e2.png	3c6ccb83716d1e4fb91d3082f6b21d77	6
Arsalan#9531	avatars_hashed\7052da37a9512964780482df9107031d.png	89b0ca1967bde16936b4e7f769bc282e	6
Mu·π£·π≠afƒÅ N≈´ruz-ZamƒÅn NiyyƒÅz#0337	avatars_hashed\6a6696f4e635fe90db95b1fd409f0cba.png	86fd4ff7f2bca0b3f07455e8cec0478d	6
„Éå„É≠„É´#7181	avatars_hashed\496addb49e0714796f5cef5300db2f7f.png	16acd8c445aca78224dec02c0800d1f6	6
hazaliyah#4640	avatars_hashed\b87f1c17075a34dabb724b5f8f294a43.png	1f0bfc0865d324c2587920a7d80c609b	6
Anime King#1151	avatars_hashed\8995d60c73d82c1ec9f502ae988d5cf8.png	91331b9298fda19eb9a3080d33fe0dbf	6
Akey#3919	avatars_hashed\d908cc14b4d19d715882563aef13324b.png	955f6f02e268d9f7487f2301f613c4b0	6
Sakamoto#0181	avatars_hashed\d6f642485b0ac981473f98a4adc1faba.png	6fc122d9f4b3cfab1cc7939a2cacac81	5
ŸÅŸÑÿßŸÜ ÿ¥ÿÆÿµŸäÿß#4311	avatars_hashed\d46cebfe48341fbbbf0e56b65f1c979b.png	e76f7b9badc199cc43d4b3ff3fddffca	5
Hasan Malik#0359	avatars_hashed\875065124877c6ed5d25697469d90b89.png	576463f1146bd7c10e110d8ff14740b2	5
Malik#1873	avatars_hashed\a07f2461bf12b4914b3f74c10070752a.png	6f26ddd1bf59740c536d2274bb834a05	5
same#9732	avatars_hashed\1fd6b3d23a1b6ac6d4319fc9fc37ac7f.png	6f32e0e1262e976301023cdffcecc8a5	5
-faisal-#5273	avatars_hashed\9c702377ba88418ad91c043fe33006ab.png	250e3fa103939a683af6ea8bca91d2e9	5
ahsanbarbarian#8397	avatars_hashed\60bbac621af9927064bc753c191c7ab2.png	7c8f476123d28d103efe381543274c25	5
plane is on fire#1330	avatars_hashed\16166efe4c6d04b247e4fcb405e117a1.png	dd3384841eedf48d78a4335606cabe09	5
Jinni#5355	avatars_hashed\87a168ab9ea5a524c14f4bafcc6de7a2.png	8ed9d230bc0a10b871dbc2c50d6921a1	5
-blazinc#6196	avatars_hashed\96d456b25e4cb8509a23bddb330bb3e6.png	e769f16e9846f69c40de276ad4d4413e	5
Ali_4243#5591	avatars_hashed\6cc8732cce4df6abc2cb3cd968207f8d.png	552f9201b4a6e8673ed088559f5401bd	5
tiziouzou#7485	avatars_hashed\8ffdd9036ba1d9ce3cc2b4af8eea12b3.png	9a73757284ac0689289061f62f902f3a	5
Baki#9028	avatars_hashed\ab9faafb44b84f0bede2612cbae68a64.png	ec79f4cddffdf744976d88809f9eecf6	5
Surreal#9323	avatars_hashed\e714436183cbd98f9074b736ec5abedf.png	20abe8ef0b19c8f5b968d4db7916c14d	5
Eredin#7750	avatars_hashed\c53d7aa8726b7a4aaf7739b1edabe3aa.png	7b8a6ba77aab705f9124adea46116d40	5
Bill'#1681	avatars_hashed\8cf92e4766ca3bbeeb01350028bf6960.png	7eb1086e11eab09cb642be74127c5916	5
KrzysztoœÜŒøœÅŒøœÇ#9326	avatars_hashed\e5c19da55bae42eede9f3ca0e52dd853.png	a6c05389027f8dd97df51217cf07355f	5
abuid#8497	avatars_hashed\c25530d1dea394d0487088865ed4dddc.png	c63da5ae7baf58dba2599c7e1e4b9ec1	5
AhmadIM#0248	avatars_hashed\54c768475ad69dd990f07a70c6800a31.png	fda1fa80114edbd1bd886e1041f78a5e	5
tt boi#9211	avatars_hashed\35154b2eed5aa3677de784ee6746d04a.png	294274316c3d2f553d23d053d5234720	5
ICS#7372	avatars_hashed\adecb2420ff8a93cc9207cb9696c72af.png	bf0a0ab08c749965ae368cd52414c992	5
mmoosaaa (al-doon) (j)#7732	avatars_hashed\bedc69f1ad330a01c25dba85f5035db2.png	4fd67522915a35607981a78fb37f853e	4
Artha Vijaya#3625	avatars_hashed\f0e637258f4b8c1f1571bb18667c37a5.png	41a570e200d82e246ce1a7db958777f8	4
Dathien#1018	avatars_hashed\ce7934f387ebba00818606ca6ec623bd.png	94d8db841cb79e5bfbeceda4da7f4113	4
Arsalan#4396	avatars_hashed\d357e6f0e6a9d6395420109b4eed7324.png	479d8788fe9b027344ddd8f2033a2628	4
hazgar#3640	avatars_hashed\abc16cb36afa76518d50f9055868d0b8.png	df2acd0d1ac4c809ff816756ed9188ab	4
truebut#9508	avatars_hashed\3e5502973a1758b60ddef84d29e4bd7d.png	a67f525a48494887c27db9ae787cad9d	4
undead blobfish#8367	avatars_hashed\60bbac621af9927064bc753c191c7ab2.png	7c8f476123d28d103efe381543274c25	4
Illyria#7621	avatars_hashed\06a2571d1040c2879987ac660debbb87.png	1d823e676411f6703d674cc0ea3ee4c8	4
Alp Arslan Doom Of Byzantium#5388	avatars_hashed\1bbd595a3b9fb01941442f92b4d6c14f.png	6dac8aaa9854df25ef8d50f2414d5831	4
Paint.exe#8865	avatars_hashed\f28ce2bd79830a432b72cdef28b7b150.png	192d678e3e7aa27978eb1c67d31df71d	4
Yus100#9327	avatars_hashed\60bbac621af9927064bc753c191c7ab2.png	7c8f476123d28d103efe381543274c25	4
Elon Mosque#2236	avatars_hashed\90c81ae29b0e81d4bc7141bb997791a7.png	662b1aec594ce6c6488eb304bb43ab48	4
that guy#5018	avatars_hashed\c81cdf55d6192c17b49612b46fc663c6.png	15f1ea833966fb9f54c6dd8bdfce2e78	4
Hasib#8241	avatars_hashed\ce742c644efebc14e34c01b9c36da15c.png	49ef7175024a0c71d368e4aff645e035	4
LinMikan#9306	avatars_hashed\8e9d1aea2f424cb9b1d6ffd74a5c7666.png	705c07f2df70655e6ee953df49533e49	4
Ampie316#3134	avatars_hashed\17c2624a80f1f2da1a18741b43ebaca0.png	49432c43e94594dd95695a8ea10cd589	4
Igli Tare#0990	avatars_hashed\46746ce22b09cff485cd72957c809b68.png	3366eec5e5e32f1242f2fe3730de3671	4
Busy#4798	avatars_hashed\f9bcfe210306046752fa8394173ed575.png	ed80ecc13cfffb3aadc054936af0e71f	4
Yuyutsu#4538	avatars_hashed\1dd4d96b11dad5957d1cc9d906159ed1.png	0ce30e6e281391e8015a54a4a096ad60	4
Valon#5867	avatars_hashed\d5589aadcf556b20a543aceab109d76e.png	7a94dd41e3b82d945c3dc8dda227121b	4
Neutron.1#0349	avatars_hashed\47e05dcea31c747973091730919c14fa.png	c6bcb7b13652afbd5ce6db0a77040f66	4
Khanage#7566	avatars_hashed\eb1485f308b69dd21e172f558a71d1e6.png	a08c63b6c2a20927448dfdfd56e1c000	4
Roxbel#3656	avatars_hashed\a5f066d7043a4cbf5e595ace6a401ef1.png	2aa0b5ecfe181df7f77eb4baa7e82ff5	4
Surinade#4195	avatars_hashed\0f68c3ccc065d2fc72670a270a83d42b.png	d61ab16965110451aa337149bd744a79	3
Muhammad#5699	avatars_hashed\60b034857943428f5083e317b37f7c20.png	302f0ffb624002aafb84233765954054	3
dff#8066	avatars_hashed\97a9818cee83055706a393be0462f631.png	21ba7f3cd026527f02684272e282d154	3
Luneka#9182	avatars_hashed\a2c37723aafc30bb8f6418e9a6adc62c.png	81dc43c2f4ed19472641b3d0b0732516	3
Avezamal ÿßŸÑÿµÿßŸÑÿ≠Ÿä#1490	avatars_hashed\9c13e5182e5c402bdc80600be1cbd27d.png	e7fe8cba3a09bd975a2e9e4e1e97f459	3
spongeboblover70#6055	avatars_hashed\1874198630c78e73ae6f575e985cad76.png	6f4cfd29ffbe23a159e9bc74971056f3	3
MajesticSeaFlapFlap#7931	avatars_hashed\f511f617e7c84f91977d1070e929cfdc.png	419b28ec1a66d0a6b26a8efaedc01857	3
Don Quixote de la Manhaj#4763	avatars_hashed\1c36330285bc8b77e22d79f4e466734e.png	93eeec0bca51695b311b7f51be2575ac	3
Schultzie#8057	avatars_hashed\f0b66f88ad056fdfded54ffb6cca7642.png	79639fd7d0ed0b5efd6d28ca1a3994a5	3
genetics#7767	avatars_hashed\9dabda274d4e638dce1515ca629e16d2.png	81b9d865591033fe04de14694f75e485	3
Al Jawhara üåô#4401	avatars_hashed\31ea00b519a42156abf946d2fbd424df.png	44fee54be37fa8f6b98218d7faca210a	3
Boba Jaan#1569	avatars_hashed\4cf0bba16f69c4e1d7f79cbb2449862e.png	5c627a3b15b4a2c5d44a663ccc908153	3
Caesaron#9222	avatars_hashed\2664293ab9ab23840987bd731f4bb559.png	2e1d217b0b00361e3ecf42a973ae3dd4	3
Ziryab Jamal#3850	avatars_hashed\afe2703a0206f84d774bf731b3a51760.png	6516b07bb20c71716b6dba48eb5502b6	3
Abdiaziz#8825	avatars_hashed\b87f1c17075a34dabb724b5f8f294a43.png	1f0bfc0865d324c2587920a7d80c609b	3
hasooni#4405	avatars_hashed\266084ee196b4adbcd68f9da164a63ff.png	f291281d1f807de9086bce1e0630f482	3
Victor B#3126	avatars_hashed\a3d22c566565ca5b490faa52087e790f.png	a49bd3d2a6ac8471e691171a1786e014	3
abdullahk#3824	avatars_hashed\e5b46998cf60afed9617c06f43f137de.png	8442de26eb1d4c8e97dafe36b4367deb	3
SERVANT of Allah#0955	avatars_hashed\b87f1c17075a34dabb724b5f8f294a43.png	1f0bfc0865d324c2587920a7d80c609b	3
ÿßÿ®ÿ±ÿßŸáŸäŸÖ#6963	avatars_hashed\6361ef15239733da19ee13874b929da8.png	f156151d9ec1d62f390e514e86bcac88	3
Ajax#9535	avatars_hashed\ba0e2537cdd77f2e987d8fbea7cf2415.png	42e84296513c0a699a6881fc981f3e71	3
Asal#3193	avatars_hashed\5b51460d7d5f8eb2b3d60a18047b642c.png	ab65ff95f8be9dd9db65d6cd9505f9c8	3
Berke#8549	avatars_hashed\81cade0bb566f52ded42934c9901ab85.png	68bae870db2a90cf3d494252fdcebd89	3
............#0222	avatars_hashed\6ee6940572987ccd9a862b7cb7a99b85.png	058b55b015f9b6ab689f31eb09079159	3
dan_#3366	avatars_hashed\5373630c0a5c3f214a396f8faf2d0cf7.png	83bcc5ac56897494d43bf9e78ea1b604	3
WhatsAUserName#9080	avatars_hashed\b87f1c17075a34dabb724b5f8f294a43.png	1f0bfc0865d324c2587920a7d80c609b	3
Maxalder#9661	avatars_hashed\f1b558405853b6a83ffe07d1c28b89af.png	c09a43a372ba81e3018c3151d4ed4773	3
grape#3935	avatars_hashed\c75aacf5d3fe5e4aba4a63a85f49beea.png	ea5a952a6f5d26d531cb2aa8c66a50b0	3
Abu Aybu Abdullah#0831	avatars_hashed\39dcc13d3a32073aa8fda8f1ccd9e182.png	6ef80e6bd165b25d87cfc475ebc0578d	3
LeZoomerDoomer#8575	avatars_hashed\0f1d69232a6158207864b5ad3a5bce19.png	6cc2b69de735763022d31ea62dfe8e32	3
sarah emilyyyy#5425	avatars_hashed\a20a573a06d5b04655de5c8d5c96ebc4.png	4ba370b5a2656719f6569ad4e5dd12d2	3
ado#2402	avatars_hashed\a6cfc5b8a0984c537c42158db2e4efef.png	052354952886b1d48aab12d3e2af9c69	3
Tabsira#9972	avatars_hashed\60bbac621af9927064bc753c191c7ab2.png	7c8f476123d28d103efe381543274c25	3
K.S.#6254	avatars_hashed\9153abf025d46f8578fb5488dfe3e0fa.png	c2f31c918d1275b8fb61a6a1579b2cfb	3
Ay#5734	avatars_hashed\e4cb76fafa9f8ad694215a52eccfb2ca.png	84947c39a01f7025dd757651ce6f77e5	3
Seemo#8423	avatars_hashed\b3cd1cdc76866d191ddda4f8d397041a.png	17efc5f2b70c631b969333fdd2bfd799	3
YUKI#8149	avatars_hashed\4d968592f87a258690de20e43c6989b1.png	6d10899be46935033674c189aead7b50	3
corvus#0595	avatars_hashed\7792b9c62959db96feb45687951fa58b.png	3246245ed5407adb6927048cd41cffd3	3
Abu Kiyub#5102	avatars_hashed\a643040556323ff8395624f24d5fe2ee.png	808f1944d3d8831e77c0c187e6fd1ef1	3
Rosalin#2109	avatars_hashed\b72b1139ced8173a47f6b0731e3028e2.png	3c6ccb83716d1e4fb91d3082f6b21d77	2
Kold#5581	avatars_hashed\f9cba5410fa9acbef366b4ccfa98f44e.png	264d73fc22c5f92e05110589b7da176a	2
Zaka#9688	avatars_hashed\d4237ced2a34f363a0513ff7edf7a3af.png	005d8a61d4be9f588ab3d15d5bba620d	2
buzaed#0001	avatars_hashed\7f1ff910639241141585d350826783e7.png	d36e9643ccb73ff33607af98f06219ae	2
ayet#4336	avatars_hashed\dc0c3a0dbd620d052170d88e98b91c85.png	5785bdce57766cf9d552e2f4d11b2c20	2
PeculiarFlower#9340	avatars_hashed\9b194d7d0190ce6469192e76b2e65c00.png	7acde46da2a0325172f8c7677701848f	2
ali jazz#2495	avatars_hashed\bac93775bba2ca4749844b20a4d942b1.png	ebbce05adf09ee77dc93870a6d11b22c	2
Hamza üìø#0682	avatars_hashed\b888f7eb312531c35b0d2a749a826166.png	ccedca92cf7a1a073ab3ab11ce51a585	2
Sigma#9735	avatars_hashed\7739089077de87ab361475c6399284ec.png	28c360bf3d5030bd9478fe451f84227d	2
Spad#1675	avatars_hashed\3e051895877864f811e712899832dc38.png	744066916aa353118ccaa9bb2505af68	2
Lerimas#0407	avatars_hashed\39524f06b0f27f43eee7062c4ab68799.png	6e84ae2763396780c6be1888bd7bda62	2
Obluda#7190	avatars_hashed\61b3820491a4859d6c479a8c9feb925d.png	77da6cd69c7c0723ebc380bc2a45730d	2
GoldArrow2202#9828	avatars_hashed\a07f2461bf12b4914b3f74c10070752a.png	6f26ddd1bf59740c536d2274bb834a05	2
Wobblicious#3048	avatars_hashed\a07f2461bf12b4914b3f74c10070752a.png	6f26ddd1bf59740c536d2274bb834a05	2
‚éù‚ßπ‚éù‚ï≤‚éù‚ßπ‡º∫LeÕ•geÕ£nÕ´d‡ºª‚ß∏‚é†‚ï±‚é†‚ß∏‚é†#3341	avatars_hashed\437e6623cd6a7fffe0c4621bb6f2464e.png	3394c5dbeb233c243e5e6fd816dc0e83	2
Melown#0918	avatars_hashed\7232901a9e7759d26ce016102a1cf109.png	25e8366f4f029f62980b90fac3e6b689	2
Humanatee#8851	avatars_hashed\29cc50042220742446763a4e50ee0bc2.png	bebb251721d42e37d3ab82903374be94	2
Ja'far#9952	avatars_hashed\ca45ccfc41a80445e91aad5b3f1b8dfa.png	61dfe87a80c5b68bedc03ac2ea724f19	2
Rofotor of johmis#1742	avatars_hashed\299542c252bc2768beb67e20386b0f29.png	2651e60a165ab96f5ff726a7ab6393d4	2
tlnAr#1396	avatars_hashed\f1b558405853b6a83ffe07d1c28b89af.png	c09a43a372ba81e3018c3151d4ed4773	2
Rock#7881	avatars_hashed\d04df6cf84fe00292af0a26186adbb3a.png	105da3454ec45455ca9ca01cb6ece924	2
boston1980#7876	avatars_hashed\f1b558405853b6a83ffe07d1c28b89af.png	c09a43a372ba81e3018c3151d4ed4773	2
ax1#8994	avatars_hashed\f8c45abd1a72f2eb770b64e7920d7f40.png	b1ade2d96e5783b2a42010d15000ec75	2
Misco#7011	avatars_hashed\bd74fdb49933dff18627708e32352040.png	7c6b5cd4e7ce5fce6d88f02035de0c28	2
psycho_peaceboom#8774	avatars_hashed\314c38470f0fa7a47d3cc3fb895f00cf.png	8d4915479f75c2d128870d16c5dc656b	2
justsomeguy#9045	avatars_hashed\53940addaab3b012028506cc637101c9.png	72dacfad13001247cd2a22eee44837c1	2
Quad Khan#9626	avatars_hashed\46b46fd1abec2b76f8f36deb02a02e51.png	d751cd363d7a5cf95521e3c0a4233fd5	2
N√©m√©sis#4403	avatars_hashed\306d0840a5b595d4f7ba7fd542ab66ad.png	f6f0da21e3b38dcaff8d4a8be954573d	2
billies eyelash#5636	avatars_hashed\211f73ba33caba6ac851e70ce602436a.png	469cc04c25887fb945b0eee88b77a8da	2
_saad_#7909	avatars_hashed\b72b1139ced8173a47f6b0731e3028e2.png	3c6ccb83716d1e4fb91d3082f6b21d77	2
Cake#2743	avatars_hashed\529330dfcfdd2ede5661bfb8e724aa7f.png	88488eeda33611c04f672cde995c06cb	2
MJ2#6219	avatars_hashed\2371d3db57638976ec34fbbb8e950c20.png	b36f25f1e88f634020629a8b1bbd8469	2
Hazem#4591	avatars_hashed\e651e77d8492291226e566c8910d6e8e.png	c6e62594fa1f27f75892bbbd87622ce9	2
Boltzmann Solver#8441	avatars_hashed\f1b558405853b6a83ffe07d1c28b89af.png	c09a43a372ba81e3018c3151d4ed4773	2
J C#2288	avatars_hashed\b130d47e0349b1f3bffe93677771c727.png	bac91fb60909fa0781da3d568ed1f56f	2
lastba#1738	avatars_hashed\bbd1cd975929c70322914902110cac05.png	6e15b1469d0e1d9543420f7fafea5113	2
!Sayf Al Din Al Hashemi#6177	avatars_hashed\de9a9a19b285a22a3ffadceb521e8c5c.png	713d84803beb9f6e017bc8afb8857ce2	2
GracchusSula#0732	avatars_hashed\61db3ac371726548bb67a7b9a10bcfe7.png	20e84e97a86e15e9bea0d06106e32d25	2
Max17#9443	avatars_hashed\a07f2461bf12b4914b3f74c10070752a.png	6f26ddd1bf59740c536d2274bb834a05	2
Noth#1174	avatars_hashed\b1e4b363eb7bd57258e2150546556957.png	a7efa3dcc01288e7af10210eae7517d3	2
Oodler1#6952	avatars_hashed\7f724ad6e6562dfc1c50281958735d6d.png	f2700b1ca769dcfae6e96f8ed8a3a650	2
abr#1346	avatars_hashed\f1b558405853b6a83ffe07d1c28b89af.png	c09a43a372ba81e3018c3151d4ed4773	2
‚ô°GreenieWeenie‚ô°#8067	avatars_hashed\f722f62f989e287947cd52c526edc717.png	9327188c54cfbf42718e2e045f9bfbc1	2
MaverickSerene#7044	avatars_hashed\7bcc6b1b14cb05932413047182b0a528.png	4ae09135b92abcc5fe85d92227d14345	2
Ayyub#8097	avatars_hashed\60bbac621af9927064bc753c191c7ab2.png	7c8f476123d28d103efe381543274c25	2
ALIe#2891	avatars_hashed\faffdea2578faecea994f282a46a2f97.png	9d6b463983a0cf85ade6a5aa4aeb7fcc	2
Abu Haydarah#7059	avatars_hashed\6c48b8ec121a4908f14a6fedf1959bee.png	598d5ebe1de96e2f2e498734fedd9e14	2
Kabouter Adam#9869	avatars_hashed\c51f4725bcb0084e893357eff2a5f7a5.png	446139bd4bbeed44517cc76aa0afd901	2
khanfahad#1990	avatars_hashed\619076a50ea907cbbe1ff31dbdbf02d8.png	e4b7a4b00cacd21d82e674d20cb3ecb7	2
Ferrum#0121	avatars_hashed\57aaa1fbb4e99bd0634e2b2f5ab8832b.png	c567ec362a264f33c0ec56bbe789d2e8	2
demboyz#1775	avatars_hashed\1871dfebf425cdaf79bff2fe540e5d35.png	b19880d90bc4b540111aa274b89d8229	2
Miles#4036	avatars_hashed\452b47487be9655efef7fdb1462c1cee.png	780c50798a14159157ca93988d9203ac	2
MehdiHSheikh#4356	avatars_hashed\1b09ca67884d4e221af207684c77d9df.png	cacb7859e6876de63f436b34f65f9663	2
marfi09#5930	avatars_hashed\e39c694a57cf07efe086769ec9f15f86.png	d1a98ce39dbc24e37aeebd273933e8f5	2
Auttaja#5453	avatars_hashed\b69fd20bbb6fe958eefeb5df3e69ac2d.png	fb4592674a8a04ac6c1828455b1d60cb	2
Bruvulumbobulous#9148	avatars_hashed\8a7fba6e6ffaf8fe8027d2f7cef7de82.png	147f561b7ea20d43f6294bdb125565b6	2
Yahya#9531	avatars_hashed\70e8486dd590a79043cff74e6bb92b1d.png	1e354b4afa61f705467ba5443ef6f8e1	2
MOTS The Mildly Schizophrenic#6269	avatars_hashed\8bf80b1e8291b88b679bb8c4bed53b82.png	593dd2e8f49f2897f1ec41b012fbdf82	2
ItsABD#2073	avatars_hashed\5b4e073f550b441b01c1e9b1923441ad.png	21a9566b843a8fe8ce2aa085416af2fe	2
Sage's Wind#4192	avatars_hashed\42fcbe980ccc0c5725e0ca812cea25d0.png	af416e70f30f67f52cbcf7b2d3a75aae	2
.___.#7655	avatars_hashed\3072ce850d7161188cabbae870077a8a.png	542d67982786248a7208ede2e31d9bef	2
Mast#8593	avatars_hashed\c377b77221f7cc7ae6cff0d9082d7e2e.png	7a33fcf5105a45e98fc8536a6829c311	2
Muhammad Umar Mustafa#0853	avatars_hashed\a07f2461bf12b4914b3f74c10070752a.png	6f26ddd1bf59740c536d2274bb834a05	1
Bed#6488	avatars_hashed\ab6712a768bf116400d2ed940f5c7acc.png	9b9e769d1cab716b878e2b4e18218c40	1
saqib#9728	avatars_hashed\db37c312a54039f405262c53a41d4f12.png	27719850c71a1fa3eae3dac23c2fd892	1
dominus#6336	avatars_hashed\a0b8ec714e54e138a311d666e2b807e3.png	bd785d27f3b44dd27e1b01e40147711a	1
Deleted User6djd78yus9hg6#4678	avatars_hashed\a07f2461bf12b4914b3f74c10070752a.png	6f26ddd1bf59740c536d2274bb834a05	1
Chezziestburger#9672	avatars_hashed\d3cdaa2561ae914d888e71e2a9da49c2.png	e87f2fca5f59ca8f21b328a2ab7938ec	1
losangeles#6614	avatars_hashed\0564f89da8d25c8e9a277b2112b8fb06.png	8743b2585973dca92d77b165b1e0ef3c	1
Drmontgomery#4134	avatars_hashed\cf7390b71c518a54a45115f41e2fe7c1.png	679acb92a3a4f4f2146c07c4c0f97f68	1
Mythic9018#6670	avatars_hashed\4f9e6a35f1de072b9d2de6aa197d6284.png	0d1b1f4010319e4f4124204cd9e44ed7	1
Ibnu Abeeh#3491	avatars_hashed\a458e54cfdb55955ae229c229501eb3d.png	2e398a9ab7ca63ebd286625be5e96ac4	1
Cephalochord#4963	avatars_hashed\a07f2461bf12b4914b3f74c10070752a.png	6f26ddd1bf59740c536d2274bb834a05	1
ibnBattuta#3098	avatars_hashed\a07f2461bf12b4914b3f74c10070752a.png	6f26ddd1bf59740c536d2274bb834a05	1
ÿÆŸÑÿØŸàŸÜ( Jaahil)#8752	avatars_hashed\64ccb52cf93a72eaa0361d8e07520ee9.png	222f4120ea565e122beacb142d589c28	1
nahinu#9688	avatars_hashed\33f6dc1903eda300aa44e2d672f1d28e.png	b89cdc81a256bc962cc447e64d73962b	1
Swift#5595	avatars_hashed\18ca62f3c20443ec7ce21154e2350190.png	3f8828f62e1e351e9e079676a8a21da2	1
Rune#1937	avatars_hashed\9ba6d77f6a53ec1bec8c46194cdc9b13.png	cfe86f65a6c2455ecd749a6ae9e124ea	1
Panjul#7893	avatars_hashed\2dd35cd33f03e3efaed32e95b4bc2566.png	08dedf194425efbd0df108d7d29cee04	1
HalalChad0#4065	avatars_hashed\c8660d2cbd9d8c6af17a93c455bab355.png	8ba1ad43515eddc77248148a3f00ad40	1
ServantOfGod#2775	avatars_hashed\ea0b001f468075d13febcf36672e028c.png	733084b79ac33fefc889b01fff83a59b	1
fyregamingyt#0563	avatars_hashed\b38e38baed79371dee4e6e2ae32e4dd7.png	0b2c5ec1ac5566074b195a3d366b9c32	1
REPENT#3768	avatars_hashed\c90c6e3e73c5423724fc4972e1e1dea1.png	05540d33b62d9277271371cbe0971546	1
ninja97#6598	avatars_hashed\e39f6fb6a2b20f78c893ad3eed80d5df.png	fbb44d2829fb08775ee1dfe8c1561c5a	1
matanks21#6310	avatars_hashed\2ec8b40b32d22b5313ddf24a4cc46fdc.png	29b5fa59196c99592f063a8fb2a8593c	1
am I here 2022 ÿßŸÜÿß ÿ¢ŸÖŸä#6119	avatars_hashed\000404c27d353f923e147bc10b506546.png	75b573593dfcd606f162333892b76c04	1
Warbreaker#3927	avatars_hashed\9aeb4584ff87719d83698fdd2d12554c.png	5aff9dc3e39be22427837b8a755e3d99	1
Ibrahim#2000	avatars_hashed\7fcc2b85496cde271536e243c10959dd.png	0ac62a60793d6acf99f03cb8e14e7c90	1
strangerunknown01#0651	avatars_hashed\07df21265d3b18ba02883b600b09e186.png	7a047acf54fad973dae1c2d8dd82bba9	1
shzephyr07#9202	avatars_hashed\60bbac621af9927064bc753c191c7ab2.png	7c8f476123d28d103efe381543274c25	1
Nuqwal#4571	avatars_hashed\f82232835dace9ea599dcc15c6eb6ae9.png	f598dc98a3970dc33df1ee85ecee385a	1
Cosmos#3703	avatars_hashed\16bf98f4820f63d47db70acfb305a603.png	c5512979127eb2e96472a261e1f2e814	1
K!NG|S√úLTAN#7955	avatars_hashed\8ac686ad9aebb99b9b399f7747428aa1.png	a505aab8db582a26643ecfdcd96c9854	1
Abul-Muthanna#4651	avatars_hashed\f1b558405853b6a83ffe07d1c28b89af.png	c09a43a372ba81e3018c3151d4ed4773	1
The Nearing Of The Hour#5727	avatars_hashed\0c7611c3f19dfd91a72beb803cd68cdd.png	9f84ba361435f310e26b3c5a1b446a0a	1
Boca#7052	avatars_hashed\132f22a8ce8300938d26804c8d5f68f5.png	3aa846dcc940224bf6cf26347d6050b6	1
bonquisha#8918	avatars_hashed\e705c375de7b0eb9ca74ef35ef6d7b32.png	c4bfb23f6dacd5ea00fed32ccbe035d8	1
Ging#6700	avatars_hashed\39addc5b36d1286a7704b95b025cd629.png	0803e64fa8582343a297f5d84a07312f	1
No name#4189	avatars_hashed\b72b1139ced8173a47f6b0731e3028e2.png	3c6ccb83716d1e4fb91d3082f6b21d77	1
Naj#5721	avatars_hashed\f1b558405853b6a83ffe07d1c28b89af.png	c09a43a372ba81e3018c3151d4ed4773	1
Quacked#6669	avatars_hashed\5390b86da06b9b5dad2bb044341704aa.png	540e4c2014a1dc1741a3f7940c61fbee	1
YoungKD#1767	avatars_hashed\1ce929dbb455663025bafb9a68bf25ef.png	8f51f12fe5d1c2afdefb0f29c6b034e3	1
itezwhatitez#5757	avatars_hashed\e20153bfa3dda1a804d587d75bcb238a.png	30f20e5bba4282e49d3f82d30865480f	1
Shine#1646	avatars_hashed\03fdec556ac7c6ceab9da4d4ec73f1c0.png	595f9236e29bc8963c42cdf0c8d48b91	1
iskander#1503	avatars_hashed\3aa8bbba76ab44b7e739b680df101bf7.png	142bb68f528c4f1da063d54bce00829f	1
Zahid#2887	avatars_hashed\0abee5831418d58ebdd4da7a010506e6.png	0fdb770f921e6e8cd0a945dbab7c4552	1
ShalomShmesh#5131	avatars_hashed\261b9419b8844fafa20fcace03014a0d.png	c28e1db558ec02ff618d2369034742a1	1
Modi Aurangzeb#3818	avatars_hashed\ca451787c782880c4f42a9f2ac4ea933.png	d8d0dce3a4dc16e79a81e4c1e1ec43df	1
Aranea#1712	avatars_hashed\7a73e012148fd02e21a046eed33eb8e4.png	93909baec28f9b8731105bd6f4806301	1
mvitcOng1#6960	avatars_hashed\4733157346e356b765918d35440fe752.png	d8912bd0fbb176fdf686965d4c9d09fb	1
SALF#6468	avatars_hashed\d301501b2404b5373be04e4f74b622e1.png	cbc13cd638219a551c7d60124f475cdf	1
RAF#9826	avatars_hashed\b366bf299c1d858fcb68f174fe805b24.png	1cb00d3ef228b3215ae17dac2f073571	1
Parceni#7740	avatars_hashed\da36f37a4a64a736950074af30ad2592.png	f745490b938c0a530d8a10075c46e8d5	1
Deleted User g8h3hen#7198	avatars_hashed\a07f2461bf12b4914b3f74c10070752a.png	6f26ddd1bf59740c536d2274bb834a05	1
Treatov#5347	avatars_hashed\1ea7aa23b96b585597d02b0d2c459ea4.png	ee70059b0049decaf7d391d0d2ffa720	1
Sigmund Roid üíâüíä#7762	avatars_hashed\76fda898c655b58e3cc72da5a6d8328b.png	fd5537511b3df1c2d6e95488a7e211aa	1
Rawr#9874	avatars_hashed\956e6817c5a573bd5f72f15bf4f90ed9.png	b96793aa559af86770e228830d68f18b	1
ibnawesome#9218	avatars_hashed\7fdfb61fa785e78595179315e7725892.png	f343038ce26149fc306f7fb2d8ee1c33	1
alrashafat#1717	avatars_hashed\60bbac621af9927064bc753c191c7ab2.png	7c8f476123d28d103efe381543274c25	1
ismail#7775	avatars_hashed\0786c62539eaeab8292d193fe2bca01c.png	2668bc545b6d2643103b5367daf8a075	1
_________#1919	avatars_hashed\08346c8459ff25149b7eb2ddcdccdbe5.png	6f9d6f1a47a49c1eb30f7c670ae61314	1
Canuk Redcoat#2062	avatars_hashed\fee9b456998bd6c364679a86d7c45b67.png	7e8bae313c396d382ec1ea1722efc15e	1
EnigmaGnosist#5914	avatars_hashed\f8ea47f4b64f1f134e02f0b097f86cf8.png	eda030ee1c8e1853ff48865fdd77589f	1
Boogieman#0541	avatars_hashed\24178623c58a7f3acc2d57b6c146a1e6.png	5d62c73affadb071dbf223611ae5f7b7	1
Jeffer#7388	avatars_hashed\99b8247232a40ef6c33a50da45267c12.png	9a9e28950e11eb001c31bf843316671d	1
Abdul-Rahman#7070	avatars_hashed\dccd03cdf13bb82c4fa60574d7b0f06d.png	786c958a95f255ea2ece40fe0634aaff	1
sk√∂ldpadda#5073	avatars_hashed\a07f2461bf12b4914b3f74c10070752a.png	6f26ddd1bf59740c536d2274bb834a05	1
rastal#0001	avatars_hashed\72add661ff0cd340cf57efea79d1e01d.png	f6b1d7d00f9e9db019dba3111f356454	1
marmulak#1807	avatars_hashed\179a7646d62faf9cafe835f8a2996bc6.png	fd311159f8664dd80e21a781064fc6bb	1
Bariq#9225	avatars_hashed\043ece37aeff1f0cea40abc68ff65e36.png	4a971a85cbe29e4f3e8bed14917ca972	1
van#0964	avatars_hashed\2a330b85e91f8dca0e599bda5223fc7c.png	4f4363e287df446df20814144270aaab	1
Peacerk#4601	avatars_hashed\f1b558405853b6a83ffe07d1c28b89af.png	c09a43a372ba81e3018c3151d4ed4773	1
Maaz#5369	avatars_hashed\b72b1139ced8173a47f6b0731e3028e2.png	3c6ccb83716d1e4fb91d3082f6b21d77	1
Talip#1533	avatars_hashed\e5a99526547f400434fd674dcf65b9e7.png	34a3ed51aa70ddd1fb72d33873a8cebd	1
xcvytyu_nisv158#1247	avatars_hashed\60bbac621af9927064bc753c191c7ab2.png	7c8f476123d28d103efe381543274c25	1
Moaaz_Mostafa#4479	avatars_hashed\40da8b0a73168505a89253e1adfe84f8.png	fc1a01e359b4560dcfe2325885fa7411	1
kromish#2385	avatars_hashed\86a4e741818206b0f4315e95c8a46793.png	82383632beb9451412511d25436c1b9a	1
ahm3d#8806	avatars_hashed\1c0d29e04b2ffba9b61346f3c665edf4.png	eb6c64df231b368c33e6c7bee9a30885	1
Abz#0617	avatars_hashed\22a0bf5131fb4fd4d9520b7a19c76c71.png	450df299a019dcb868e1a20493b16f8e	1
MysticMitch#8481	avatars_hashed\9822b0912fcc42754807794c6eada681.png	28bac8dc1151112fd56035493db0be87	1
Metalfros#5064	avatars_hashed\0b6cfe998a34ce0f20e22343bcf60693.png	b5db4f81ab172b6fc1455a5c857c6da2	1
Darius I#6210	avatars_hashed\b6d44de6009133f9b2ba3c758fe25c66.png	af7b3d7a24df4c90d4e2c6b3154754fd	1
Pfyzer#3950	avatars_hashed\c3be9a4f359ac304ff520884c194e49a.png	ad6116e95003bc6a2a131731366078f7	1
Edin‚ò™#9383	avatars_hashed\bbced60327971ce482bfb4677c6c2530.png	aa05c5d340474bf6bc5301bf2fa72220	1
lollol#6693	avatars_hashed\a07f2461bf12b4914b3f74c10070752a.png	6f26ddd1bf59740c536d2274bb834a05	1
A Pious Canine#6036	avatars_hashed\5e2bfcae59944533bec458098d44915a.png	d955d9f1d32c4198b37b5a2961334f80	1
Ibn Based#2638	avatars_hashed\d0398700e381c5ed9a5400d33cce7e0e.png	556e1e5fce3011ecaf351bb42d79b592	1
sugar is my cocaine#1844	avatars_hashed\1b8269c1f5611e21829fe3d750884b7c.png	0435c2b97e902a62019ac570ca0b9cb2	1
Gray#8231	avatars_hashed\55770ebb1981174b8d185a9c8fa4d56e.png	8dbcbd23289ec78655c2bc29afdbb5ee	1
awji#5252	avatars_hashed\c790f0dbf45304479aa9a042dab1f7d1.png	8a29c2493d7f2ae892e829d27ef54755	1
Jad#3593	avatars_hashed\f586732e940b131c4f27f9b5b5b531ae.png	45a7962a0a21279ce094abfba99b5132	1
Khairul#7957	avatars_hashed\00e9405072dde42465d0c857e8d26a9f.png	22bab9745d0011c17a229704db306aac	1
Daher TBM 940#4365	avatars_hashed\68a5723f912c589e8b2094f26bf41010.png	e282653a2cac15d59ccf1b66b251f773	1
Taher#7946	avatars_hashed\31c57009a48c479fa96f8fbad92b2839.png	80b54bc4f53ec45e57b3b635f51f944c	1
Muhamad al-Hanbali#0537	avatars_hashed\8e454534ed6aa6cc1930be602d4be1cf.png	5d94c2bff2934095208090bd55a40a9e	1
Kareem4#5892	avatars_hashed\0a68667dd52453345c779ff55c86a0d0.png	de233f28e00599c5764e3a76d9f8eade	1
Ÿäÿ≠ŸäŸâ ÿ®ŸÜ ÿ∑ÿßÿ±ŸÇ#6215	avatars_hashed\c1c28645fe770ad39a7e075681437293.png	2574e06ae8bf2acc9e049972db7c8f11	1
Zambada#2570	avatars_hashed\65f69c991a902f95e4ac5bd2df6238c4.png	af89a3dbbc5c350a491809a7c8a6f82c	1
freak#7814	avatars_hashed\ed3e766345d3e53108db4e5c37ecd9f8.png	8c6f51d32783561d21ecb01e550d8a06	1
woodpecker#6445	avatars_hashed\71d5f922f10b519f34851d0a0da4be09.png	cb302303eff6fde4484c1c4a6fc99145	1
Mirz#7087	avatars_hashed\27810568f4bf504c2cb3c07bd0e1c2c8.png	cd152a23030aacbe2f60cf3339b93b03	1
jovid#1995	avatars_hashed\b87f1c17075a34dabb724b5f8f294a43.png	1f0bfc0865d324c2587920a7d80c609b	1
